{
    "qrEnlem": 41.51238882,
    "qrBoylam": 36.11935778
}