{"qrBoylam": 50.87334459852032, "qrEnlem": 78.35761107468869}